{
    "issuerParameters": {
      "certificateTransparency": null,
      "name": "Self"
    },
    "keyProperties": {
      "curve": null,
      "exportable": true,
      "keySize": 2048,
      "keyType": "RSA",
      "reuseKey": true
    },
    "lifetimeActions": [
      {
        "action": {
          "actionType": "AutoRenew"
        },
        "trigger": {
          "daysBeforeExpiry": 7
        }
      }
    ],
    "secretProperties": {
      "contentType": "application/x-pem-file"
    },
    "x509CertificateProperties": {
      "keyUsage": [
        "digitalSignature",
        "keyEncipherment"
      ],
      "subject": "CN=company.com",
      "validityInMonths": 3
    }
}
